{
    "loss": 4.056380748748779,
    "accuracy": 0.5035971403121948
}